City_ID,City,Country,Lat,Lng,Max Temp,Humidity,Cloudiness,Wind Speed,Current Description
0,Bairiki,KI,1.3292,172.9752,87.8,66,40,14.97,scattered clouds
1,Sinnamary,GF,5.3833,-52.95,76.42,91,90,9.26,overcast clouds
2,Yellowknife,CA,62.456,-114.3525,-1.68,50,20,3.44,few clouds
3,Mahebourg,MU,-20.4081,57.7,76.24,100,75,29.93,moderate rain
4,Ostrovnoy,RU,68.0531,39.5131,10.71,95,85,11.92,overcast clouds
5,Port Alfred,ZA,-33.5906,26.891,61.18,97,100,6.53,overcast clouds
6,Dikson,RU,73.5069,80.5464,5.04,94,100,6.55,overcast clouds
7,Saldanha,ZA,-33.0117,17.9442,57.25,81,0,21.65,clear sky
8,Diamantino,BR,-14.4086,-56.4461,61.23,93,87,5.37,overcast clouds
9,Busselton,AU,-33.65,115.3333,79.0,53,74,9.98,broken clouds
10,Punta Arenas,CL,-53.15,-70.9167,35.71,87,0,8.05,clear sky
11,Cape Town,ZA,-33.9258,18.4232,64.11,67,0,21.85,clear sky
12,Mehamn,NO,71.0357,27.8492,24.51,83,100,3.76,light snow
13,Conceicao Do Araguaia,BR,-8.2578,-49.2647,73.36,92,5,0.98,clear sky
14,Fortuna,US,40.5982,-124.1573,50.94,80,40,13.8,scattered clouds
15,Albany,US,42.6001,-73.9662,36.95,64,92,7.0,overcast clouds
16,Port Elizabeth,ZA,-33.918,25.5701,61.32,82,20,9.22,few clouds
17,Hithadhoo,MV,-0.6,73.0833,82.96,70,2,8.7,clear sky
18,Dalby,AU,-27.1833,151.2667,77.99,57,5,1.99,clear sky
19,Hermanus,ZA,-34.4187,19.2345,63.97,71,94,14.63,overcast clouds
20,Torbay,CA,47.6666,-52.7314,35.28,93,100,29.93,light snow
21,Namibe,AO,-15.1961,12.1522,70.52,84,96,4.16,overcast clouds
22,Severo-Kurilsk,RU,50.6789,156.125,27.99,73,94,28.9,light snow
23,Manaus,BR,-3.1019,-60.025,81.09,83,75,3.44,broken clouds
24,Khatanga,RU,71.9667,102.5,1.74,92,100,4.81,overcast clouds
25,New Norfolk,AU,-42.7826,147.0587,61.92,56,99,3.0,overcast clouds
26,Ust-Kuyga,RU,70.0167,135.6,10.36,73,74,6.04,broken clouds
27,Mataura,NZ,-46.1927,168.8643,63.23,54,5,7.18,clear sky
28,Margate,GB,51.3813,1.3862,39.69,72,57,10.0,broken clouds
29,Marystown,CA,47.1666,-55.1483,37.85,100,100,10.92,overcast clouds
30,Falam,MM,22.9167,93.6833,73.47,35,58,2.28,broken clouds
31,Kapaa,US,22.0752,-159.319,82.38,89,75,18.41,light rain
32,Ibirama,BR,-27.0569,-49.5178,63.32,97,100,0.85,overcast clouds
33,Butaritari,KI,3.0707,172.7902,82.35,72,28,21.36,scattered clouds
34,Atuona,PF,-9.8,-139.0333,79.2,74,49,6.93,scattered clouds
35,Narsaq,GL,60.9167,-46.05,50.22,72,100,4.45,overcast clouds
36,Rikitea,PF,-23.1203,-134.9692,75.43,63,9,11.88,clear sky
37,San Cristobal,VE,7.7669,-72.225,71.78,70,95,1.9,overcast clouds
38,Warri,NG,5.5167,5.75,78.44,88,100,2.71,overcast clouds
39,Diez,DE,50.3667,8.0167,34.95,96,100,10.04,light snow
40,Mayo,US,38.8876,-76.5119,46.98,55,0,14.0,clear sky
41,Hasaki,JP,35.7333,140.8333,50.29,52,100,9.86,overcast clouds
42,Provideniya,RU,64.3833,-173.3,27.48,75,93,10.8,overcast clouds
43,Hay River,CA,60.8156,-115.7999,-4.02,71,75,6.91,light snow
44,Georgetown,MY,5.4112,100.3354,87.73,77,20,4.61,few clouds
45,Bredasdorp,ZA,-34.5322,20.0403,63.45,67,99,11.52,light rain
46,Tuktoyaktuk,CA,69.4541,-133.0374,-16.6,76,0,5.75,clear sky
47,Olinda,BR,-8.0089,-34.8553,83.93,70,40,8.05,scattered clouds
48,North Bend,US,43.4065,-124.2243,50.92,87,100,6.91,overcast clouds
49,Vaini,TO,-21.2,-175.2,84.36,79,75,4.61,broken clouds
50,Cockburn Town,TC,21.4612,-71.1419,77.65,77,0,21.03,clear sky
51,Sao Filipe,CV,14.8961,-24.4956,70.41,82,12,6.69,few clouds
52,Arman,RU,59.7,150.1667,25.02,58,100,6.06,overcast clouds
53,Barrow,US,71.2906,-156.7887,-2.18,65,0,18.41,clear sky
54,Touros,BR,-5.1989,-35.4608,79.75,82,98,11.61,overcast clouds
55,Nome,US,64.5011,-165.4064,28.47,51,0,4.61,clear sky
56,Bakchar,RU,57.0186,82.0711,32.7,98,100,9.35,overcast clouds
57,Salalah,OM,17.0151,54.0924,75.29,41,0,2.3,clear sky
58,Petropavlovsk-Kamchatskiy,RU,53.0452,158.6483,30.79,40,40,24.61,scattered clouds
59,Hurghada,EG,27.2574,33.8129,73.17,30,26,8.12,scattered clouds
60,Tautira,PF,-17.7333,-149.15,81.91,74,80,9.69,light rain
61,Bulgan,MN,48.8125,103.5347,42.1,20,22,3.4,few clouds
62,Souillac,MU,-20.5167,57.5167,75.58,100,75,29.93,heavy intensity rain
63,Luderitz,NA,-26.6481,15.1594,59.27,75,0,18.12,clear sky
64,Laguna,US,38.421,-121.4238,73.69,42,0,6.91,clear sky
65,Chuy,UY,-33.6971,-53.4616,54.59,74,0,5.21,clear sky
66,Leh,IN,34.1667,77.5833,26.19,52,0,3.2,clear sky
67,Gizo,SB,-8.103,156.8419,80.24,81,100,9.86,overcast clouds
68,Alice Springs,AU,-23.7,133.8833,74.75,29,67,11.5,broken clouds
69,Puerto Escondido,MX,15.85,-97.0667,79.63,73,0,3.44,clear sky
70,Ouesso,CG,1.6136,16.0517,67.89,98,75,3.22,broken clouds
71,Redmond,US,47.674,-122.1215,52.36,70,100,10.0,overcast clouds
72,Carballo,ES,43.213,-8.691,44.87,84,64,3.78,broken clouds
73,Barra Patuca,HN,15.8,-84.2833,79.56,78,6,15.48,clear sky
74,Ushuaia,AR,-54.8,-68.3,38.86,81,20,5.75,few clouds
75,Ribeira Grande,PT,38.5167,-28.7,56.39,76,12,17.34,few clouds
76,Camocim,BR,-2.9022,-40.8411,75.83,91,97,7.52,overcast clouds
77,Saint-Philippe,RE,-21.3585,55.7679,74.79,96,100,20.11,heavy intensity rain
78,Talaya,RU,61.3833,152.75,7.88,79,100,8.12,overcast clouds
79,Saskylakh,RU,71.9167,114.0833,6.71,94,99,8.25,overcast clouds
80,Inhambane,MZ,-23.865,35.3833,75.34,78,22,6.4,few clouds
81,Dunkwa,GH,5.9656,-1.78,71.4,96,100,1.1,overcast clouds
82,Katherine,AU,-14.4667,132.2667,93.52,29,8,10.36,clear sky
83,Arraial Do Cabo,BR,-22.9661,-42.0278,75.13,90,100,18.66,overcast clouds
84,Hanna,CA,51.6334,-111.9018,36.86,56,100,3.0,overcast clouds
85,Longyearbyen,SJ,78.2186,15.6401,-4.16,65,20,9.22,few clouds
86,Novo Aripuana,BR,-5.1206,-60.3797,73.85,98,100,1.61,overcast clouds
87,Vao,NC,-22.6667,167.4833,79.63,87,100,15.01,overcast clouds
88,Chokurdakh,RU,70.6333,147.9167,-2.13,84,49,3.18,scattered clouds
89,Leczyca,PL,52.0596,19.1997,32.14,95,100,14.92,light snow
90,Hamilton,US,39.1834,-84.5333,39.02,71,100,0.0,overcast clouds
91,Ponta Delgada,PT,37.7333,-25.6667,56.12,100,75,9.22,broken clouds
92,Key Biscayne,US,25.6937,-80.1628,80.02,88,40,4.61,scattered clouds
93,Dubrovka,RU,53.6907,33.5071,31.46,94,100,13.98,overcast clouds
94,Nikolskoye,RU,59.7035,30.7861,28.29,97,47,2.84,scattered clouds
95,Road Town,VG,18.4167,-64.6167,78.84,73,20,11.5,few clouds
96,Jiaonan,CN,35.8786,119.9753,50.34,41,97,6.91,overcast clouds
97,Kaeo,NZ,-35.1,173.7833,73.85,59,99,5.23,overcast clouds
98,Bethel,US,41.3712,-73.414,43.48,64,75,9.22,broken clouds
99,Kodlipet,IN,12.8,75.8833,71.62,82,18,1.61,few clouds
100,Seoul,KR,37.5683,126.9778,54.79,37,0,5.75,clear sky
101,Lavrentiya,RU,65.5833,-171.0,14.95,65,29,14.9,scattered clouds
102,Airai,TL,-8.9266,125.4092,73.92,45,7,1.74,clear sky
103,Namtsy,RU,62.7161,129.6658,24.03,92,100,8.86,light snow
104,Alyangula,AU,-13.8483,136.4192,87.67,62,40,6.91,scattered clouds
105,Tasiilaq,GL,65.6145,-37.6368,33.96,90,100,9.82,overcast clouds
106,Bambous Virieux,MU,-20.3428,57.7575,76.21,100,75,29.93,moderate rain
107,Coahuayana,MX,18.7333,-103.6833,68.14,87,99,1.59,overcast clouds
108,Cherskiy,RU,68.75,161.3,-8.05,82,100,2.01,overcast clouds
109,Havelock,US,34.8791,-76.9013,64.35,54,0,9.22,clear sky
110,Bluff,NZ,-46.6,168.3333,59.07,73,86,16.96,overcast clouds
111,Ahipara,NZ,-35.1667,173.1667,73.54,62,100,1.5,overcast clouds
112,Inuvik,CA,68.3499,-133.7218,-5.04,54,0,6.91,clear sky
113,Ransang,PH,8.9603,117.5828,86.36,65,54,2.68,broken clouds
114,Conakry,GN,9.538,-13.6773,76.69,86,31,8.16,scattered clouds
115,Roebourne,AU,-20.7833,117.1333,86.25,62,58,3.78,broken clouds
116,Cabo San Lucas,MX,22.8909,-109.9124,78.1,68,0,11.5,clear sky
117,Kahului,US,20.8947,-156.47,80.62,69,40,20.71,scattered clouds
118,Springdale,US,36.1867,-94.1288,59.11,40,0,6.91,clear sky
119,Carnarvon,AU,-24.8667,113.6333,82.47,74,40,14.97,scattered clouds
120,Hilo,US,19.7297,-155.09,76.73,84,100,13.8,heavy intensity rain
121,Maniitsoq,GL,65.4167,-52.9,27.97,73,55,6.93,broken clouds
122,Ambulu,ID,-8.345,113.6058,83.68,70,48,1.41,scattered clouds
123,Gijon,ES,43.5357,-5.6615,42.84,92,92,1.99,overcast clouds
124,Acajutla,SV,13.5928,-89.8275,81.03,73,2,4.63,clear sky
125,Qaanaaq,GL,77.484,-69.3632,14.41,94,100,1.83,overcast clouds
126,Mastic Beach,US,40.7668,-72.8521,44.98,56,20,15.99,few clouds
127,Katsuura,JP,35.1333,140.3,49.26,56,100,10.16,overcast clouds
128,Tavares,US,28.8042,-81.7256,75.2,82,75,4.61,broken clouds
129,Jamestown,US,42.097,-79.2353,32.02,65,100,13.8,overcast clouds
130,Holme,DK,56.1138,10.1725,28.18,80,59,8.16,broken clouds
131,Koutsouras,GR,35.0339,25.9469,58.1,74,0,4.92,clear sky
132,Caravelas,BR,-17.7125,-39.2481,76.21,84,0,4.83,clear sky
133,Sharan,RU,54.8167,54.0,38.43,100,100,6.69,overcast clouds
134,Maceio,BR,-9.6658,-35.7353,76.44,88,40,4.61,scattered clouds
135,Axim,GH,4.8699,-2.2405,77.72,85,100,2.39,overcast clouds
136,Pampa,US,35.5362,-100.9599,52.75,81,0,10.36,clear sky
137,Caucaia,BR,-3.7361,-38.6531,71.55,94,75,12.66,broken clouds
138,Bambanglipuro,ID,-7.95,110.2833,78.76,76,100,2.19,overcast clouds
139,Ponta Do Sol,PT,32.6667,-17.1,63.01,82,100,0.22,overcast clouds
140,Minas Novas,BR,-17.2186,-42.5903,67.08,74,0,2.73,clear sky
141,Xining,CN,36.6167,101.7667,37.8,48,0,2.66,clear sky
142,Gravelbourg,CA,49.8834,-106.5512,32.27,53,26,9.01,scattered clouds
143,Kodiak,US,57.79,-152.4072,38.71,87,100,9.22,overcast clouds
144,Ban Nahin,LA,18.2418,104.2122,65.28,66,100,6.13,overcast clouds
145,Arak,IR,34.0917,49.6892,52.48,37,0,3.65,clear sky
146,Bengkulu,ID,-3.8004,102.2655,82.22,69,20,3.38,few clouds
147,Castro,BR,-24.7911,-50.0119,54.37,98,100,5.61,overcast clouds
148,Acarau,BR,-2.8856,-40.12,76.17,86,97,6.62,overcast clouds
149,San Juan,AR,-31.5375,-68.5364,63.14,28,0,6.17,clear sky
150,Guerrero Negro,MX,27.9769,-114.0611,60.85,70,0,13.24,clear sky
151,Sawtell,AU,-30.3833,153.1,80.19,60,75,8.05,broken clouds
152,Saint-Paul,RE,-21.0096,55.2707,75.31,85,100,4.23,moderate rain
153,Talnakh,RU,69.4865,88.3972,7.21,94,100,6.38,light snow
154,Kupang,ID,-10.1667,123.5833,83.46,64,8,2.51,clear sky
155,Araguaina,BR,-7.1911,-48.2072,73.83,92,97,2.71,overcast clouds
156,San Bartolome,ES,27.9248,-15.5733,54.32,66,75,12.66,broken clouds
157,Huarmey,PE,-10.0681,-78.1522,70.61,82,79,9.91,broken clouds
158,Manvi,IN,15.9833,77.05,83.7,39,8,5.82,clear sky
159,Iqaluit,CA,63.7506,-68.5145,24.53,100,100,3.44,overcast clouds
160,Sile,TR,41.1754,29.6133,63.27,41,0,17.56,clear sky
161,Aguas Vermelhas,BR,-15.7472,-41.46,64.17,92,0,3.0,light rain
162,Portland,US,45.5234,-122.6762,55.35,78,100,6.91,light rain
163,Aklavik,CA,68.2191,-135.0107,-3.46,88,98,6.85,overcast clouds
164,Kamiiso,JP,41.8167,140.65,48.58,37,40,16.11,scattered clouds
165,Korla,CN,41.7597,86.1469,52.43,32,0,2.89,clear sky
166,Avarua,CK,-21.2078,-159.775,84.25,70,75,3.44,broken clouds
167,Cap Malheureux,MU,-19.9842,57.6142,76.46,89,100,10.0,moderate rain
168,Kloulklubed,PW,7.0419,134.2556,84.7,78,86,10.98,overcast clouds
169,Lorengau,PG,-2.0226,147.2712,77.97,91,100,11.21,overcast clouds
170,Vila Velha,BR,-20.3297,-40.2925,76.95,93,40,3.44,scattered clouds
171,Rovigo,IT,45.08,11.793,48.04,73,76,8.86,broken clouds
172,Bandarbeyla,SO,9.4942,50.8122,77.07,83,0,6.17,clear sky
173,Tuxtla,MX,16.75,-93.1167,85.01,57,24,4.65,few clouds
174,Qaqortoq,GL,60.7167,-46.0333,32.05,82,99,6.24,overcast clouds
175,Ilulissat,GL,69.2167,-51.1,30.22,64,2,4.61,clear sky
176,Semnan,IR,35.5729,53.3971,56.53,28,4,2.77,clear sky
177,Nefteyugansk,RU,61.0998,72.6035,7.45,96,85,8.21,overcast clouds
178,Mar Del Plata,AR,-38.0023,-57.5575,59.88,77,0,6.91,clear sky
179,Broken Hill,AU,-31.95,141.4333,67.71,30,0,11.5,clear sky
180,Nantucket,US,41.2835,-70.0995,46.51,74,100,19.57,overcast clouds
181,Clyde River,CA,70.4692,-68.5914,10.63,92,100,5.75,overcast clouds
182,Geraldton,AU,-28.7667,114.6,81.01,65,100,19.57,overcast clouds
183,Khani,GE,41.9563,42.9566,56.77,75,7,10.96,clear sky
184,Urazovka,RU,55.4013,45.6186,30.6,97,100,14.5,light snow
185,Aksu,CN,41.1231,80.2644,52.81,34,98,3.06,overcast clouds
186,Kotelnich,RU,58.3089,48.348,21.2,92,100,7.14,overcast clouds
187,Bila Tserkva,UA,49.8094,30.1121,48.54,96,100,7.74,overcast clouds
188,Srednekolymsk,RU,67.45,153.6833,-1.17,85,83,7.05,broken clouds
189,Yulara,AU,-25.2406,130.9889,75.04,27,100,11.5,overcast clouds
190,Thompson,CA,55.7435,-97.8558,17.76,86,100,11.5,overcast clouds
191,Codrington,AU,-38.2667,141.9667,66.38,55,100,13.44,overcast clouds
192,Acapulco,MX,16.8634,-99.8901,78.62,69,75,6.91,broken clouds
193,Anadyr,RU,64.75,177.4833,21.7,85,20,11.18,few clouds
194,Port-Gentil,GA,-0.7193,8.7815,74.77,94,100,4.25,heavy intensity rain
195,College,US,64.8569,-147.8028,23.07,33,75,19.57,broken clouds
196,Pontianak,ID,-0.0333,109.3333,85.98,74,20,4.61,few clouds
197,Neuquen,AR,-38.9516,-68.0591,53.49,82,0,0.0,clear sky
198,Kindu,CD,-2.95,25.95,69.71,99,100,1.61,light rain
199,Ust-Tsilma,RU,65.441,52.1498,-0.62,100,94,3.36,overcast clouds
200,Lodwar,KE,3.1191,35.5973,82.76,45,43,8.7,scattered clouds
201,Flinders,AU,-34.5833,150.8552,66.18,73,98,11.01,overcast clouds
202,Hobart,AU,-42.8794,147.3294,62.28,82,75,17.27,broken clouds
203,Chigorodo,CO,7.6664,-76.6811,76.8,94,75,0.0,broken clouds
204,Bielsk Podlaski,PL,52.7651,23.1865,32.25,97,100,16.89,light snow
205,Kavieng,PG,-2.5744,150.7967,76.46,92,100,7.58,moderate rain
206,Ulcinj,ME,41.9294,19.2244,53.82,80,55,12.53,broken clouds
207,Port Blair,IN,11.6667,92.75,84.24,79,20,2.3,mist
208,Colares,PT,38.7992,-9.4469,51.76,53,48,24.0,scattered clouds
209,Manokwari,ID,-0.8667,134.0833,83.01,76,100,8.61,overcast clouds
210,Cayenne,GF,4.9333,-52.3333,77.09,1,75,2.3,broken clouds
211,Lata,PT,40.1629,-8.3327,43.92,62,0,4.81,clear sky
212,Vardo,NO,70.3705,31.1107,26.92,73,100,21.97,overcast clouds
213,Faya,SA,18.3851,42.4509,57.31,19,4,5.64,clear sky
214,Port Lincoln,AU,-34.7333,135.8667,64.65,59,56,16.26,broken clouds
215,Mazamari,PE,-11.3258,-74.5308,64.85,100,100,0.92,overcast clouds
216,Mopti,ML,14.6667,-4.0,86.36,7,100,8.93,overcast clouds
217,Lebu,CL,-37.6167,-73.65,55.65,93,3,13.85,clear sky
218,East London,ZA,-33.0153,27.9116,64.96,93,100,7.31,moderate rain
219,Punta,PH,8.9897,125.34,81.79,77,100,3.11,overcast clouds
220,Leningradskiy,RU,69.3833,178.4167,3.13,88,100,8.81,overcast clouds
221,Itupiranga,BR,-5.1347,-49.3267,73.38,98,100,4.18,overcast clouds
222,Northam,GB,51.0333,-4.2167,40.6,71,98,4.81,overcast clouds
223,Takoradi,GH,4.8845,-1.7554,76.89,85,100,5.14,overcast clouds
224,Venice,US,27.0998,-82.4543,77.11,96,100,0.0,mist
225,Upernavik,GL,72.7868,-56.1549,8.67,96,100,9.37,overcast clouds
226,Tiksi,RU,71.6872,128.8694,13.42,90,71,5.79,broken clouds
227,Huron,US,41.1501,-82.5499,36.16,76,12,5.59,few clouds
228,Zhoucheng,CN,35.9122,116.3117,54.0,51,0,4.72,clear sky
229,Manakara,MG,-22.1333,48.0167,68.04,92,3,4.25,clear sky
230,Camacha,PT,33.0833,-16.3333,56.62,82,40,6.91,scattered clouds
231,Caorle,IT,45.5966,12.8758,46.35,94,100,12.59,overcast clouds
232,Snasa,NO,64.2457,12.3778,27.81,97,100,8.12,light snow
233,Baruun-Urt,MN,46.6806,113.2792,42.22,24,99,15.12,overcast clouds
234,Ixtapa,MX,20.7,-105.2,71.22,78,40,5.75,scattered clouds
235,Te Anau,NZ,-45.4167,167.7167,69.06,43,1,0.89,clear sky
236,Bontang,ID,0.1333,117.5,83.25,73,86,2.04,overcast clouds
237,Labuhan,ID,-6.8844,112.2051,81.48,74,100,5.19,overcast clouds
238,Puerto Colombia,CO,10.9878,-74.9547,80.69,87,100,19.53,overcast clouds
239,Baykit,RU,61.67,96.37,14.86,93,100,1.3,overcast clouds
240,Krasnoselkup,RU,65.7,82.4667,11.5,95,100,8.08,overcast clouds
241,Sitka,US,57.0531,-135.33,42.69,61,100,10.36,overcast clouds
242,Husavik,IS,66.0449,-17.3389,34.61,85,100,8.61,overcast clouds
243,Poso,ID,-1.3959,120.7524,86.99,57,78,2.62,broken clouds
244,Dalen,NL,52.6992,6.7556,36.0,79,100,5.99,overcast clouds
245,Sabang,ID,5.8933,95.3214,83.89,71,100,11.25,overcast clouds
246,Zeya,RU,53.75,127.2667,34.36,61,98,3.24,overcast clouds
247,Yingcheng,CN,30.95,113.55,59.47,52,83,5.39,broken clouds
248,Lichinga,MZ,-13.3128,35.2406,62.69,100,20,8.05,few clouds
249,Chapada Dos Guimaraes,BR,-15.4606,-55.7497,55.06,95,77,2.55,broken clouds
250,Sai Buri,TH,6.7013,101.6168,85.71,73,56,2.33,broken clouds
251,Londoko,RU,49.0333,131.9833,39.11,60,30,4.76,scattered clouds
252,Nanortalik,GL,60.1432,-45.2371,34.03,89,68,3.29,broken clouds
253,Santa Maria,BR,-29.6842,-53.8069,52.9,87,0,4.61,clear sky
254,Vilhena,BR,-12.7406,-60.1458,62.65,92,100,4.16,overcast clouds
255,Awbari,LY,26.5921,12.7805,70.61,17,100,7.2,overcast clouds
256,Esik,KZ,43.3552,77.4525,45.82,64,44,4.99,scattered clouds
257,Elizabeth City,US,36.2946,-76.2511,55.98,46,0,18.41,clear sky
258,Manaure,CO,11.7751,-72.4445,79.92,74,100,16.31,overcast clouds
259,Sarankhola,BD,22.3082,89.7897,84.29,64,92,9.95,overcast clouds
260,Syracuse,IT,37.0881,15.2792,53.19,65,4,17.92,clear sky
261,San Jose,US,37.3394,-121.895,66.99,62,20,14.97,few clouds
262,Vila Franca Do Campo,PT,37.7167,-25.4333,55.81,94,100,11.45,overcast clouds
263,Tomatlan,MX,19.9333,-105.25,65.17,86,100,2.71,overcast clouds
264,Cidreira,BR,-30.1811,-50.2056,63.16,69,11,4.59,few clouds
265,Whitehorse,CA,60.7161,-135.0538,29.1,82,100,5.75,light snow
266,Pangnirtung,CA,66.1451,-65.7125,22.98,83,100,4.12,overcast clouds
267,Shakawe,BW,-18.3667,21.85,71.67,63,100,4.23,overcast clouds
268,Port Pirie,AU,-33.1833,138.0167,66.29,36,100,6.78,overcast clouds
269,Urubamba,PE,-13.3047,-72.1158,58.1,92,100,4.05,overcast clouds
270,Rosarito,MX,32.3333,-117.0333,63.41,75,9,6.2,clear sky
271,Adur,IN,9.1667,76.7333,76.57,92,98,1.36,overcast clouds
272,Puerto Ayora,EC,-0.7393,-90.3518,77.56,96,20,5.48,few clouds
273,Derzhavinsk,KZ,51.1,66.3167,26.37,87,96,9.55,overcast clouds
274,Oytal,KZ,42.9057,73.2697,51.8,54,100,1.81,overcast clouds
275,Ballina,AU,-28.8667,153.5667,80.78,69,75,13.8,broken clouds
276,Rawson,AR,-43.3002,-65.1023,68.32,23,24,18.88,few clouds
277,Byron Bay,AU,-28.65,153.6167,79.72,73,33,7.23,scattered clouds
278,La Palma,US,33.8464,-118.0467,67.91,73,0,9.22,clear sky
279,Hambantota,LK,6.1241,81.1185,80.94,100,40,3.44,scattered clouds
280,Dingle,PH,10.9995,122.6711,86.58,55,76,15.97,broken clouds
281,Kingsland,US,30.8,-81.6898,66.9,89,22,2.21,few clouds
282,Lasa,IT,46.6166,10.7002,36.48,96,100,5.57,overcast clouds
283,Ancud,CL,-41.8697,-73.8203,53.22,93,52,6.58,broken clouds
284,Gusinoye Ozero,RU,51.1144,106.2614,46.71,41,9,2.71,clear sky
285,Duluth,US,46.7833,-92.1066,41.58,59,100,6.91,overcast clouds
286,Palora,EC,-1.7,-77.9333,65.03,97,99,2.71,light rain
287,Bathsheba,BB,13.2167,-59.5167,79.41,69,40,18.41,scattered clouds
288,Oeiras Do Para,BR,-2.0031,-49.8544,74.34,97,96,2.24,overcast clouds
289,Viedma,AR,-40.8135,-62.9967,60.98,36,24,20.07,few clouds
290,Ituango,CO,7.1712,-75.764,62.89,99,100,0.58,overcast clouds
291,Skibbereen,IE,51.55,-9.2667,39.11,77,100,8.84,overcast clouds
292,Nishihara,JP,26.1842,127.7558,64.06,94,100,11.5,mist
293,Bilibino,RU,68.0546,166.4372,7.99,69,100,0.27,overcast clouds
294,Goias,BR,-15.5807,-49.6362,70.18,81,25,2.21,scattered clouds
295,Kouqian,CN,43.6391,126.4578,47.95,27,2,10.29,clear sky
296,Sfantu Gheorghe,RO,45.8667,25.7833,49.66,93,100,3.6,overcast clouds
297,Quatre Cocos,MU,-20.2078,57.7625,76.08,90,100,18.77,moderate rain
298,Merauke,ID,-8.4667,140.3333,83.1,70,100,7.83,overcast clouds
299,Hearst,CA,49.6835,-83.6665,25.05,97,59,4.74,broken clouds
300,Dubrovnik,HR,42.6481,18.0922,56.84,71,75,9.22,broken clouds
301,Tura,IN,25.5198,90.2201,78.73,71,44,2.93,scattered clouds
302,Avera,US,33.194,-82.5271,55.54,53,0,6.44,clear sky
303,Zlatoust,RU,55.1711,59.6508,28.2,98,100,3.44,snow
304,Zhigansk,RU,66.7697,123.3711,21.61,89,100,17.9,overcast clouds
305,Padang,ID,-0.9492,100.3543,78.85,57,91,2.64,overcast clouds
306,Chicama,PE,-7.8447,-79.1469,64.94,77,100,6.91,overcast clouds
307,Saint George,US,37.1041,-113.5841,73.99,22,0,5.75,clear sky
308,Aleksandrovsk-Sakhalinskiy,RU,50.8975,142.1561,28.62,70,73,11.32,broken clouds
309,Pierre,US,44.3683,-100.351,43.05,71,40,4.0,scattered clouds
310,Richards Bay,ZA,-28.783,32.0377,71.29,89,100,3.56,light rain
311,Pecos,US,31.4229,-103.4932,76.03,14,0,8.05,clear sky
312,Klaksvik,FO,62.2266,-6.589,34.72,71,99,15.59,overcast clouds
313,Golden Gate,US,26.1879,-81.6951,78.78,68,0,3.44,clear sky
314,Ustye,RU,59.6304,39.736,13.46,95,52,4.38,broken clouds
315,Jaque,PA,7.5175,-78.1703,77.41,89,100,3.13,overcast clouds
316,Kisangani,CD,0.5167,25.2,72.07,89,95,1.1,overcast clouds
317,Muriwai Beach,NZ,-36.8167,174.45,77.43,73,71,5.82,broken clouds
318,Deniliquin,AU,-35.5333,144.9667,59.45,71,100,9.89,overcast clouds
319,Bolshaya Glushitsa,RU,50.2406,43.5908,54.1,75,100,13.87,light rain
320,Atasu,KZ,48.6814,71.6433,28.09,87,54,4.94,broken clouds
321,Daan,CN,33.0558,106.2958,64.08,53,0,1.43,clear sky
322,Hofn,IS,64.2539,-15.2082,39.63,75,100,4.88,overcast clouds
323,Eureka,US,40.8021,-124.1637,51.21,82,98,8.01,overcast clouds
324,Ugoofaaru,MV,5.6667,73.0,83.03,70,26,4.09,scattered clouds
325,Bud,US,39.447,-86.1758,37.94,79,49,0.83,scattered clouds
326,Barkhan,PK,29.8977,69.5256,75.09,8,0,12.46,clear sky
327,Olafsvik,IS,64.8945,-23.7142,41.5,91,100,10.02,overcast clouds
328,Natal,BR,-5.795,-35.2094,79.02,89,20,3.44,few clouds
329,Ust-Maya,RU,60.4167,134.5333,24.28,79,83,6.13,broken clouds
330,Bocas Del Toro,PA,9.3333,-82.25,79.43,75,29,2.44,scattered clouds
331,Tuy Hoa,VN,13.0833,109.3,78.51,86,95,16.58,overcast clouds
332,Trinidad,BO,-14.8333,-64.9,57.69,69,71,4.38,broken clouds
333,Tezu,IN,27.9167,96.1667,73.99,72,96,1.63,overcast clouds
334,Mecca,SA,21.4267,39.8261,74.16,37,0,1.21,clear sky
335,Stephenville,US,32.2207,-98.2023,68.86,40,0,11.01,clear sky
336,Male,MV,4.1748,73.5089,84.15,79,20,5.75,few clouds
337,Shimoda,JP,34.6667,138.95,50.36,63,100,8.28,overcast clouds
338,Ko Samui,TH,9.5357,99.9357,80.51,83,20,2.3,few clouds
339,Dekar,BW,-21.5333,21.9333,72.52,60,86,2.75,overcast clouds
340,Pisco,PE,-13.7,-76.2167,68.05,73,0,9.22,clear sky
341,Thinadhoo,MV,0.5333,72.9333,82.99,71,13,8.68,few clouds
342,Yamada,JP,39.4667,141.95,44.01,45,7,7.94,clear sky
343,Jumla,NP,29.2747,82.1838,65.97,29,0,3.53,clear sky
344,Timizart,DZ,36.8,4.2667,41.29,80,56,6.08,broken clouds
345,Santana Do Livramento,BR,-30.8908,-55.5328,49.75,74,0,6.2,clear sky
346,Kampot,KH,10.6167,104.1833,82.45,70,93,5.64,overcast clouds
347,Isangel,VU,-19.55,169.2667,84.79,76,72,7.38,broken clouds
348,Khilok,RU,51.3674,110.4676,43.14,53,45,5.23,scattered clouds
349,Berlevag,NO,70.8578,29.0864,19.2,75,100,11.95,overcast clouds
350,Aswan,EG,24.0934,32.907,78.44,20,43,7.09,scattered clouds
351,Centralia,US,46.7162,-122.9543,50.45,80,100,0.0,overcast clouds
352,Fatick,SN,14.3581,-16.5858,70.14,50,5,9.66,clear sky
353,Paragominas,BR,-2.9667,-47.4833,71.65,99,94,2.91,overcast clouds
354,Evensk,RU,61.95,159.2333,24.69,71,100,12.28,overcast clouds
355,Harnosand,SE,62.6323,17.9379,17.6,72,18,8.37,few clouds
356,Abha,SA,18.2164,42.5053,57.02,22,0,0.0,clear sky
357,Sibi,PK,29.5448,67.8764,84.97,6,0,6.29,clear sky
358,Lianran,CN,24.9227,102.485,39.74,96,100,2.93,overcast clouds
359,Los Llanos De Aridane,ES,28.6585,-17.9182,58.75,85,100,6.91,overcast clouds
360,Shihezi,CN,44.3,86.0333,53.31,25,100,2.06,overcast clouds
361,Nouadhibou,MR,20.931,-17.0347,63.0,85,0,14.14,clear sky
362,Fukue,JP,32.6881,128.8419,57.56,41,75,13.8,broken clouds
363,Panguna,PG,-6.3164,155.4848,71.91,94,100,3.49,light rain
364,Half Moon Bay,US,37.4636,-122.4286,64.45,76,0,24.16,mist
365,Sandwick,GB,60.0,-1.25,33.62,86,7,0.0,clear sky
366,Sheregesh,RU,52.9209,87.9869,42.08,71,77,5.95,broken clouds
367,Faanui,PF,-16.4833,-151.75,82.36,67,100,1.52,overcast clouds
368,Saint-Pierre,RE,-21.3393,55.4781,74.88,88,100,21.85,light rain
369,Kruisfontein,ZA,-34.0033,24.7314,58.89,85,26,6.33,scattered clouds
370,Mildura,AU,-34.2,142.15,70.07,39,100,8.05,overcast clouds
371,Shenjiamen,CN,29.9576,122.298,51.82,58,100,11.88,overcast clouds
372,Esperance,AU,-33.8667,121.9,76.84,48,16,8.57,few clouds
373,Chimbote,PE,-9.0853,-78.5783,68.83,85,92,8.08,overcast clouds
374,Mangrol,IN,21.1167,70.1167,79.95,66,73,6.06,broken clouds
375,Luau,AO,-10.7073,22.2247,62.29,97,60,3.58,light rain
376,Moose Factory,CA,51.2585,-80.6094,17.58,67,0,4.61,clear sky
377,Destin,US,30.3935,-86.4958,68.0,73,0,5.01,clear sky
378,Paka,MY,4.6374,103.4368,84.13,84,20,3.44,few clouds
379,Maturin,VE,9.75,-63.1767,72.93,88,10,6.31,clear sky
380,Chapais,CA,49.7834,-74.8492,17.38,91,100,11.86,overcast clouds
381,Kavaratti,IN,10.5669,72.642,82.85,74,96,7.99,overcast clouds
382,Virginia Beach,US,36.8529,-75.978,56.01,44,0,11.5,clear sky
383,Erzin,TR,36.9559,36.2,61.14,49,43,7.52,scattered clouds
384,Coihaique,CL,-45.5752,-72.0662,56.01,66,0,6.91,clear sky
385,Mikhaylovka,RU,50.06,43.2379,53.71,71,100,16.13,overcast clouds
386,Mafinga,TZ,-7.25,35.0667,62.92,93,25,2.3,scattered clouds
387,Kattivakkam,IN,13.2167,80.3167,84.29,90,5,12.97,clear sky
388,Praia Da Vitoria,PT,38.7333,-27.0667,58.75,88,40,12.44,scattered clouds
389,Raudeberg,NO,61.9875,5.1352,32.67,93,100,11.1,light snow
390,Krasnogorskoye,RU,52.2953,86.1979,37.22,91,100,3.36,overcast clouds
391,Senigallia,IT,43.7093,13.2167,46.09,71,75,10.36,broken clouds
392,Lompoc,US,34.6391,-120.4579,57.34,84,20,10.36,mist
393,Asau,RO,46.4333,26.4,52.72,83,100,4.41,overcast clouds
394,Wyndham,US,37.6985,-77.6125,49.68,49,0,6.91,clear sky
395,Deputatskiy,RU,69.3,139.9,-3.55,90,11,3.65,few clouds
396,Chaozhou,CN,23.6651,116.6379,58.86,79,100,4.12,overcast clouds
397,Poum,NC,-20.2333,164.0167,82.2,81,92,13.4,overcast clouds
398,Bodo,NO,67.28,14.405,32.04,90,75,26.46,light intensity drizzle
399,Tilichiki,RU,60.4667,166.1,22.17,81,100,11.86,overcast clouds
400,Kashan,IR,33.9831,51.4364,65.01,28,0,3.51,clear sky
401,Boralday,KZ,43.3578,76.8594,49.86,62,40,0.0,scattered clouds
402,Barcelos,PT,41.5388,-8.6151,44.85,71,2,6.29,clear sky
403,New Richmond,US,45.123,-92.5366,40.68,70,100,6.91,light intensity drizzle
404,Saint-Joseph,RE,-21.3667,55.6167,73.78,90,100,16.11,moderate rain
405,Bermeo,ES,43.4209,-2.7215,42.24,67,76,17.16,broken clouds
406,Dargaville,NZ,-35.9333,173.8833,74.39,59,98,7.36,overcast clouds
407,Perth,AU,-31.9333,115.8333,82.02,51,0,12.66,clear sky
408,Celendin,PE,-6.8703,-78.1517,52.86,96,100,2.33,light rain
409,Turukhansk,RU,65.8167,87.9833,12.54,92,100,9.31,overcast clouds
410,Lieksa,FI,63.3167,30.0167,10.65,95,55,3.49,broken clouds
411,Praid,RO,46.55,25.1333,45.45,96,100,3.09,overcast clouds
412,Victoria,HK,22.2855,114.1577,60.24,83,100,8.99,overcast clouds
413,Portoferraio,IT,42.8115,10.3146,49.15,49,35,17.0,scattered clouds
414,Labuan,MY,5.2767,115.2417,86.36,70,20,1.14,few clouds
415,Jalu,LY,29.0331,21.5482,67.73,26,100,10.09,overcast clouds
416,Qena,EG,26.1615,32.7183,75.56,14,12,4.85,few clouds
417,Itarema,BR,-2.9248,-39.9167,76.19,88,91,5.06,overcast clouds
418,Huntington,US,38.4193,-82.4452,40.1,72,0,5.75,clear sky
419,Komsomolskiy,UZ,40.4272,71.7189,54.32,54,38,6.91,scattered clouds
420,Boende,CD,-0.2167,20.8667,70.57,98,100,6.06,light rain
421,Havoysund,NO,70.9963,24.6622,28.63,81,100,4.34,overcast clouds
422,Fredericton,CA,45.9454,-66.6656,40.05,94,100,9.22,light rain
423,Tabuk,PH,17.4189,121.4443,83.1,64,92,7.2,overcast clouds
424,Daigo,JP,36.7667,140.35,48.94,40,39,7.85,scattered clouds
425,Adrar,MR,20.5022,-10.0711,70.74,14,1,6.51,clear sky
426,Tahe,CN,52.3333,124.7333,41.61,52,99,9.19,overcast clouds
427,Mount Gambier,AU,-37.8333,140.7667,66.11,48,75,14.97,broken clouds
428,Pacific Grove,US,36.6177,-121.9166,57.81,83,0,5.99,clear sky
429,Grand Gaube,MU,-20.0064,57.6608,76.37,89,100,11.99,moderate rain
430,Lebanon,US,36.2081,-86.2911,48.25,77,75,4.61,broken clouds
431,Marsa Matruh,EG,31.3525,27.2453,63.36,71,100,19.39,overcast clouds
432,Port Hedland,AU,-20.3167,118.5667,93.25,46,4,9.22,clear sky
433,Batticaloa,LK,7.7102,81.6924,81.21,74,10,5.73,clear sky
434,Marzuq,YE,14.4,46.4667,64.51,34,0,1.41,clear sky
435,Dunedin,NZ,-45.8742,170.5036,63.03,60,0,6.53,clear sky
436,Vanimo,PG,-2.6741,141.3028,82.35,82,100,4.61,overcast clouds
437,Batagay-Alyta,RU,67.8006,130.4114,7.75,87,95,3.71,overcast clouds
438,Mamontovo,RU,52.7055,81.6244,34.56,87,32,9.91,scattered clouds
439,Flin Flon,CA,54.7682,-101.865,23.38,92,100,11.03,overcast clouds
440,Mangai,CD,-4.05,19.5333,68.81,98,100,1.77,light rain
441,Rio Gallegos,AR,-51.6226,-69.2181,42.85,87,0,2.3,clear sky
442,Gogrial,SS,8.5332,28.1004,83.75,26,71,0.56,broken clouds
443,Capao Da Canoa,BR,-29.7456,-50.0097,64.33,71,87,3.33,overcast clouds
444,Takanabe,JP,32.1333,131.5,55.29,54,100,6.67,overcast clouds
445,Marathon,US,44.9,-89.7668,41.2,59,0,0.0,clear sky
446,Bereda,ES,43.2686,-7.5406,33.58,100,72,1.9,broken clouds
447,Canutama,BR,-6.5339,-64.3831,71.62,99,100,4.7,overcast clouds
448,Pochutla,MX,15.7432,-96.4661,78.62,62,0,3.47,clear sky
449,Reitz,ZA,-27.8014,28.4273,53.33,75,3,2.98,clear sky
450,Ust-Kulom,RU,61.6864,53.6902,5.99,98,67,1.9,broken clouds
451,Kenai,US,60.5544,-151.2583,42.15,61,0,14.97,clear sky
452,Bani,DO,18.2833,-70.3333,74.64,82,26,9.78,scattered clouds
453,Belogorsk,RU,50.9158,128.4611,33.62,100,70,6.91,broken clouds
454,Skjervoy,NO,70.0311,20.9714,30.2,61,100,11.86,light snow
455,Asfi,MA,32.2994,-9.2372,54.99,84,53,17.47,broken clouds
456,Lapithos,CY,35.3375,33.1792,52.09,56,86,7.87,overcast clouds
457,Rio Verde De Mato Grosso,BR,-18.9181,-54.8442,67.44,90,100,2.19,overcast clouds
458,Nizhniy Tsasuchey,RU,50.5167,115.1333,50.61,26,78,11.05,broken clouds
459,Sharjah,AE,25.3573,55.4033,70.09,78,0,6.91,haze
460,Inirida,CO,3.8653,-67.9239,76.15,83,80,0.67,broken clouds
461,Broome,US,42.2506,-75.833,35.6,75,100,17.27,overcast clouds
462,Vagur,FO,61.4732,-6.8119,38.59,67,47,9.73,scattered clouds
463,Enid,US,36.3956,-97.8784,59.16,52,100,11.5,overcast clouds
464,Aberdeen,GB,57.1437,-2.0981,36.5,95,99,2.3,overcast clouds
465,Kunda,IN,25.7167,81.5167,88.99,9,0,3.47,clear sky
466,Smithers,CA,54.7804,-127.1743,41.32,60,75,5.75,broken clouds
467,Piacabucu,BR,-10.4056,-36.4344,76.73,85,33,6.91,scattered clouds
468,Sao Miguel Do Araguaia,BR,-13.275,-50.1628,73.44,86,6,1.01,clear sky
469,Lanxi,CN,29.2195,119.477,55.11,66,100,0.2,overcast clouds
470,Rafai,CF,4.95,23.9167,71.15,73,97,2.44,overcast clouds
471,Prince Rupert,CA,54.3161,-130.3201,42.89,81,75,2.3,broken clouds
472,Lubbock,US,33.6001,-101.8338,57.45,48,20,20.71,dust
473,Burns Lake,CA,54.2331,-125.7533,42.22,68,42,7.29,scattered clouds
474,Teahupoo,PF,-17.8333,-149.2667,75.16,75,81,9.73,light rain
475,Edd,ER,13.9297,41.6925,83.66,41,1,11.34,clear sky
476,Ordzhonikidze,KZ,52.4411,61.7408,36.5,84,100,10.4,overcast clouds
477,Chiang Khong,TH,20.2613,100.4046,72.84,71,90,4.83,overcast clouds
478,Bosaso,SO,11.2842,49.1816,79.18,69,0,6.11,clear sky
479,Awjilah,LY,29.1081,21.2869,67.28,27,100,9.35,overcast clouds
480,Kristiinankaupunki,FI,62.2743,21.376,23.41,83,22,5.86,few clouds
481,Wang Saphung,TH,17.301,101.7685,71.62,68,75,0.0,broken clouds
482,Micheweni,TZ,-4.9667,39.8333,80.15,80,15,2.46,few clouds
483,Aykhal,RU,66.0,111.5,8.78,91,91,6.22,light snow
484,Miranda De Ebro,ES,42.6865,-2.947,36.99,97,82,6.17,snow
485,Norman Wells,CA,65.282,-126.8329,-2.16,46,0,2.3,clear sky
486,Tawang,IN,27.5833,91.8667,56.73,68,33,4.59,scattered clouds
487,Sitio Novo Do Tocantins,BR,-5.5183,-47.4611,72.5,98,100,2.71,overcast clouds
488,Morondava,MG,-20.2833,44.2833,74.34,81,0,5.95,clear sky
489,Sandata,RU,46.2708,41.7583,56.77,54,96,10.29,overcast clouds
490,Srandakan,ID,-7.9386,110.2506,80.37,72,99,1.66,overcast clouds
491,Yerbogachen,RU,61.2767,108.0108,18.81,77,7,14.18,clear sky
492,Saint Anthony,US,45.0205,-93.218,38.1,83,100,6.91,overcast clouds
493,Aracati,BR,-4.5617,-37.7697,76.75,88,98,5.57,moderate rain
494,Opuwo,NA,-18.0607,13.84,68.97,79,31,1.81,light rain
495,Lima Duarte,BR,-21.8425,-43.7931,64.38,98,97,2.48,overcast clouds
496,Uaua,BR,-9.8414,-39.4817,72.73,83,99,9.78,overcast clouds
497,Chingirlau,KZ,51.095,54.0814,46.24,63,100,14.25,overcast clouds
498,Cilegon,ID,-6.0174,106.0538,84.83,68,68,8.77,broken clouds
499,Morant Bay,JM,17.8815,-76.4093,80.22,86,6,9.44,clear sky
500,Gbarnga,LR,6.9956,-9.4722,72.34,98,100,1.77,overcast clouds
501,Bouar,CF,5.934,15.596,64.71,94,98,5.1,overcast clouds
502,Vostok,RU,46.4856,135.8833,32.27,78,60,10.96,broken clouds
503,Santa Cruz,BO,-17.8,-63.1667,63.86,63,75,5.75,broken clouds
504,Puerto Del Rosario,ES,28.5004,-13.8627,64.15,63,100,12.66,overcast clouds
505,Yantarnyy,RU,54.8717,19.9381,33.66,63,100,25.99,overcast clouds
506,Yataity Del Norte,PY,-24.8333,-56.35,59.72,91,24,2.37,few clouds
507,Pandan,PH,14.0453,124.1694,83.25,67,89,13.58,overcast clouds
508,Makakilo City,US,21.3469,-158.0858,77.32,70,75,13.8,light rain
509,Busing,PH,13.1514,122.9714,83.61,58,32,3.2,scattered clouds
510,Gigmoto,PH,13.7796,124.39,83.75,68,44,13.02,scattered clouds
511,Tizimin,MX,21.15,-88.15,77.67,80,63,10.67,broken clouds
512,Odweyne,SO,9.4092,45.064,68.45,70,0,5.79,clear sky
513,San Quintin,MX,30.4833,-115.95,59.97,76,8,6.89,clear sky
514,Tromso,NO,69.6496,18.957,28.42,86,100,20.71,light shower snow
515,Noyabrsk,RU,63.1994,75.4507,18.23,95,87,9.48,overcast clouds
516,Balkanabat,TM,39.5108,54.3671,64.6,32,13,12.41,few clouds
517,Atar,MR,20.5169,-13.0499,73.31,18,0,5.21,clear sky
518,Taoudenni,ML,22.6783,-3.9836,76.06,8,0,5.3,clear sky
519,Buala,SB,-8.145,159.5921,81.5,82,87,10.29,light rain
520,Nanga Eboko,CM,4.6833,12.3667,70.65,87,100,4.83,overcast clouds
521,Pevek,RU,69.7008,170.3133,-3.87,88,100,2.35,overcast clouds
522,Gold Coast,AU,-28.0,153.4333,81.77,80,40,10.36,scattered clouds
523,Egvekinot,RU,66.3167,-179.1667,11.75,83,100,9.73,overcast clouds
524,Matamoros,MX,25.5333,-103.25,82.51,8,75,4.61,broken clouds
525,Umm Lajj,SA,25.0213,37.2685,76.8,47,19,1.12,few clouds
526,Dilla,ET,6.41,38.31,61.47,71,37,5.44,scattered clouds
527,Bloemfontein,ZA,-29.1211,26.214,51.28,93,3,1.14,clear sky
528,Khudumelapye,BW,-23.8833,24.75,67.37,46,10,6.73,clear sky
529,Long,TH,18.0761,99.8326,83.3,63,94,3.04,overcast clouds
530,Eyl,SO,7.9803,49.8164,76.8,85,22,7.87,few clouds
531,Amapa,BR,1.0,-52.0,71.56,99,95,1.92,overcast clouds
532,Bria,CF,6.5423,21.9863,72.95,65,100,3.8,overcast clouds
533,Akropong,GH,5.9746,-0.0854,77.95,84,100,5.61,overcast clouds
534,Pelym,RU,61.0108,61.9978,19.74,80,7,4.47,clear sky
535,Santa Rosa,PH,14.3122,121.1114,89.11,62,76,17.18,broken clouds
536,Pangkalanbuun,ID,-2.6833,111.6167,92.41,50,87,1.7,overcast clouds
537,Pundaguitan,PH,6.3711,126.1689,81.81,75,95,4.03,overcast clouds
538,Karratha,AU,-20.7377,116.8463,86.41,61,90,6.15,overcast clouds
539,Lander,US,42.833,-108.7307,47.21,45,0,5.75,clear sky
540,Verkhnevilyuysk,RU,63.4453,120.3167,21.69,82,100,6.64,overcast clouds
541,Hirara,JP,24.8,125.2833,68.27,77,75,21.85,broken clouds
542,Pechora,RU,65.1472,57.2244,6.19,99,84,4.32,broken clouds
543,Sale,MA,34.0389,-6.8166,51.75,100,20,0.0,few clouds
544,Belyy Yar,RU,53.6039,91.3903,44.49,50,0,13.42,clear sky
545,Erzurum,TR,40.0,41.5,24.48,77,63,4.43,broken clouds
546,Comodoro Rivadavia,AR,-45.8667,-67.5,69.66,21,0,9.22,clear sky
547,Futtsu,JP,35.3053,139.8186,53.11,48,100,2.46,overcast clouds
548,Manggar,ID,-2.8833,108.2667,86.36,62,100,1.74,overcast clouds
549,Aubenas,FR,44.6201,4.3899,38.16,65,94,15.84,overcast clouds
550,Andenes,NO,69.3143,16.1194,31.98,93,75,23.02,light intensity drizzle
551,Sao Gabriel Da Cachoeira,BR,-0.1303,-67.0892,74.41,81,19,1.68,few clouds
552,Keffi,NG,8.8486,7.8736,79.14,66,68,3.29,broken clouds
553,Tubuala,PA,9.5167,-79.0333,79.86,84,100,10.56,overcast clouds
554,Santa Vitoria Do Palmar,BR,-33.5189,-53.3681,54.7,71,0,4.74,clear sky
555,Coquimbo,CL,-29.9533,-71.3436,56.93,88,100,3.44,overcast clouds
556,Rayagada,IN,19.1667,83.4167,90.32,46,19,3.18,few clouds
557,Krasnomayskiy,RU,57.6194,34.4099,21.92,92,96,7.45,overcast clouds
558,Port Arthur,CN,38.8,121.2667,53.82,55,67,10.11,broken clouds
559,Lagoa,PT,39.05,-27.9833,56.95,73,100,20.13,overcast clouds
560,Homer,US,59.6425,-151.5483,39.09,80,40,9.22,light rain
561,Sao Joao Da Barra,BR,-21.6403,-41.0511,75.16,89,3,1.66,clear sky
562,Tindwari,IN,25.6167,80.5333,88.32,9,0,3.6,clear sky
563,Kajaani,FI,64.2273,27.7285,6.85,78,0,2.3,clear sky
564,Muros,ES,42.7762,-9.0603,36.84,88,9,10.76,clear sky
565,Vestmanna,FO,62.1564,-7.1664,32.92,80,75,8.05,broken clouds
566,Bilma,NE,18.6853,12.9164,76.59,4,5,5.57,clear sky
567,Hervey Bay,AU,-25.2986,152.8535,78.13,59,5,7.18,clear sky
568,Talcahuano,CL,-36.7167,-73.1167,56.88,88,0,10.36,clear sky
569,Haines Junction,CA,60.7522,-137.5108,31.95,55,100,4.61,overcast clouds
570,Yumen,CN,40.2833,97.2,49.5,15,0,10.42,clear sky
571,Itaberaba,BR,-12.5275,-40.3069,68.88,96,0,1.07,clear sky
572,Grimshaw,CA,56.1834,-117.6027,35.22,80,100,3.44,overcast clouds
573,Price,US,39.5994,-110.8107,53.11,22,0,5.75,clear sky
574,Spencer,US,43.1414,-95.1444,43.56,69,100,6.02,overcast clouds
575,Soderhamn,SE,61.3037,17.0592,24.71,77,23,4.81,few clouds
576,Tamandare,BR,-8.7597,-35.1047,77.61,82,98,3.24,overcast clouds
577,Rawlins,US,41.7911,-107.2387,46.29,21,0,14.97,clear sky
578,Tokur,RU,53.1333,132.9,28.11,78,100,11.18,overcast clouds
579,Tabory,RU,58.5198,64.5495,24.3,91,100,3.49,overcast clouds
580,Shache,CN,38.4167,77.2406,57.96,35,91,5.46,overcast clouds
581,Kununurra,AU,-15.7667,128.7333,93.18,27,35,9.22,scattered clouds
582,Mareeba,AU,-17.0,145.4333,84.49,59,70,5.86,light rain
583,Northbrook,US,42.1275,-87.8289,38.34,76,0,6.91,clear sky
584,Kapit,MY,2.0167,112.9333,90.54,55,21,1.95,few clouds
585,Kroya,ID,-7.6331,109.2461,85.05,65,83,2.24,broken clouds
586,Vanderhoof,CA,54.0166,-124.0198,36.93,68,99,7.96,overcast clouds
587,Havre,FR,49.5833,0.3333,34.2,86,40,10.36,light snow
588,Rapar,IN,23.5667,70.6333,83.23,43,3,8.23,clear sky
589,Xai-Xai,MZ,-25.0519,33.6442,71.42,80,15,4.61,few clouds
590,Say,NE,13.1007,2.3689,86.56,9,99,3.94,overcast clouds
591,Nhulunbuy,AU,-12.2333,136.7667,90.21,48,73,5.75,broken clouds
592,Ucluelet,CA,48.9329,-125.5528,46.09,86,100,1.01,overcast clouds
593,Malindi,KE,-3.2175,40.1191,79.68,82,5,5.97,clear sky
594,Aksarka,RU,66.5606,67.7975,9.25,88,63,9.75,broken clouds
595,Mirnyy,RU,62.5353,113.9611,21.24,45,73,11.01,broken clouds
596,Uchaly,RU,54.2996,59.4521,39.52,92,100,16.22,overcast clouds
597,Kungurtug,RU,50.5994,97.5228,31.89,55,98,1.81,overcast clouds
598,Tipp City,US,39.9584,-84.1722,36.84,78,75,0.0,broken clouds
599,Wewak,PG,-3.5534,143.6268,81.0,81,100,3.89,overcast clouds
600,Bantry,IE,51.6833,-9.45,39.78,80,100,6.44,overcast clouds
601,Livingston,GB,55.9029,-3.5226,37.2,90,100,3.44,overcast clouds
602,Kalmar,SE,56.6616,16.3616,29.97,85,20,7.0,few clouds
603,Mudu,CN,31.252,120.5118,54.01,39,82,4.92,broken clouds
604,Ler,SS,8.3018,30.1418,87.82,28,99,2.1,overcast clouds
605,Atambua,ID,-9.1061,124.8925,82.83,58,54,2.64,broken clouds
606,Puerto Leguizamo,CO,-0.1934,-74.7819,71.15,99,60,2.73,broken clouds
607,Ambilobe,MG,-13.2,49.05,71.73,95,45,2.66,scattered clouds
608,Sept-Iles,CA,50.2001,-66.3821,32.52,96,100,2.3,overcast clouds
609,Kholodnyy,RU,62.7167,147.95,11.1,68,92,4.32,overcast clouds
610,Elmina,GH,5.0898,-1.348,78.19,83,100,7.81,overcast clouds
611,Dukat,RU,62.55,155.55,3.78,87,100,6.53,overcast clouds
612,Bestobe,KZ,52.4994,73.0975,34.09,79,44,13.09,scattered clouds
613,Bonham,US,33.5773,-96.1783,63.07,53,0,8.05,clear sky
614,Sibu,MY,2.3,111.8167,84.51,74,20,3.44,few clouds
615,Roma,US,43.2128,-75.4557,34.95,73,100,19.57,overcast clouds
616,Zhuanghe,CN,39.7008,122.9911,51.44,33,29,9.04,scattered clouds
617,Las Palmas,ES,28.4204,-14.0131,61.59,63,100,12.66,overcast clouds
618,Villa Guerrero,MX,18.8667,-99.65,77.27,31,100,5.57,overcast clouds
619,Presidente Dutra,BR,-5.29,-44.49,72.79,98,100,1.54,overcast clouds
620,Fayetteville,US,35.0527,-78.8784,61.02,36,0,9.22,clear sky
621,Kyra,RU,49.5776,111.9753,43.39,33,100,3.29,overcast clouds
622,Emba,KZ,48.8264,58.1442,35.13,79,100,6.53,overcast clouds
623,Obigarm,TJ,38.7173,69.7088,50.63,53,97,5.84,overcast clouds
624,Kaspiysk,RU,42.8816,47.6392,35.78,100,40,4.47,fog
625,Lubango,AO,-14.9172,13.4925,60.87,95,100,1.48,light rain
626,Teya,RU,60.3778,92.6267,22.21,84,100,1.92,overcast clouds
627,Nipawin,CA,53.3668,-104.0009,26.64,74,100,16.11,overcast clouds
628,Parabel,RU,58.6978,81.4825,26.15,93,97,0.76,overcast clouds
629,Wakkanai,JP,45.4094,141.6739,39.18,48,20,20.71,few clouds
630,Torbat-E Jam,IR,35.244,60.6225,57.52,28,0,4.5,clear sky
631,Baoning,CN,25.3378,110.026,53.46,82,40,6.71,scattered clouds
632,Tazovskiy,RU,67.4667,78.7,4.69,96,82,8.03,broken clouds
633,Nytva,RU,57.9404,55.334,17.49,88,100,6.24,overcast clouds
634,Tonaya,MX,19.7833,-103.9667,70.43,42,100,2.13,overcast clouds
635,Vestmannaeyjar,IS,63.4427,-20.2734,43.29,78,100,6.35,overcast clouds
636,Savannakhet,LA,16.566,104.751,68.02,77,75,4.61,broken clouds
637,Yar-Sale,RU,66.8333,70.8333,8.08,89,45,11.77,scattered clouds
638,Altamira,BR,-3.2033,-52.2064,72.34,94,97,2.15,overcast clouds
639,Poshekhonye,RU,58.4993,39.1353,17.6,90,100,7.99,overcast clouds
640,The Valley,AI,18.217,-63.0578,78.66,79,6,21.94,clear sky
641,Antofagasta,CL,-23.65,-70.4,61.88,83,39,1.86,scattered clouds
642,Libenge,CD,3.65,18.6333,70.18,94,98,4.68,overcast clouds
643,Kaitangata,NZ,-46.2817,169.8464,64.2,55,0,9.55,clear sky
644,Walvis Bay,NA,-22.9575,14.5053,59.09,94,0,11.5,clear sky
645,Huilong,CN,31.8111,121.655,51.69,51,68,7.76,broken clouds
646,Nurota,UZ,40.5614,65.6886,57.97,37,100,4.83,overcast clouds
647,San Vicente,AR,-26.6167,-54.1333,54.12,99,4,2.51,clear sky
648,Novyy Urgal,RU,51.0736,132.5642,38.26,57,46,7.45,scattered clouds
649,Charters Towers,AU,-20.1,146.2667,88.34,40,70,13.44,broken clouds
650,Lokosovo,RU,61.1333,74.8167,13.08,97,100,7.25,overcast clouds
651,Kashi,CN,39.4547,75.9797,54.61,37,93,8.95,overcast clouds
652,Barra Do Garcas,BR,-15.89,-52.2567,69.44,97,20,5.32,few clouds
653,Semporna,MY,4.4818,118.6112,85.17,67,82,9.57,broken clouds
654,Morgan City,US,29.6994,-91.2068,62.6,77,0,4.61,clear sky
655,Karaton,ID,-6.3424,106.1045,84.83,66,57,5.1,broken clouds
656,Murgab,TM,37.4966,61.9714,60.91,28,0,5.5,clear sky
657,Trairi,BR,-3.2778,-39.2689,75.9,86,96,4.85,overcast clouds
658,Guider,CM,9.9342,13.9486,83.59,10,92,4.36,overcast clouds
659,Broadstairs,GB,51.3591,1.4394,39.58,71,79,8.99,broken clouds
660,Loandjili,CG,-4.7561,11.8578,80.71,94,75,2.3,broken clouds
661,Baracoa,CU,20.3467,-74.4958,75.13,88,30,5.01,scattered clouds
662,Salvador,SV,13.8333,-88.9167,75.06,71,60,2.01,broken clouds
663,Kirakira,SB,-10.4544,161.9205,84.56,67,100,6.22,overcast clouds
664,Aginskoye,RU,51.1,114.53,48.87,27,97,11.21,overcast clouds
665,Pocone,BR,-16.2567,-56.6228,64.83,75,100,2.26,overcast clouds
666,Nador,MA,35.174,-2.9287,57.45,72,0,9.22,clear sky
667,Belmonte,BR,-15.8631,-38.8828,77.18,82,9,5.1,clear sky
668,Kyabe,TD,9.4515,18.9449,84.56,14,95,4.92,overcast clouds
669,Sistranda,NO,63.7256,8.834,35.56,68,100,22.21,overcast clouds
670,Halden,NO,59.1226,11.3871,25.63,61,14,1.66,few clouds
671,Balkhash,KZ,46.844,74.9804,41.61,70,0,15.66,clear sky
672,Socorro,US,31.6546,-106.3033,75.49,15,0,6.91,clear sky
673,Karoi,ZW,-16.8099,29.6925,59.74,98,11,4.07,few clouds
674,Kuytun,RU,54.3419,101.5036,34.36,91,85,7.2,overcast clouds
675,Namatanai,PG,-3.6667,152.4333,75.63,91,100,1.97,moderate rain
676,Kolondieba,ML,11.0882,-6.8926,87.82,35,99,6.96,overcast clouds
677,Oussouye,SN,12.485,-16.5469,68.49,80,0,7.05,clear sky
678,Oistins,BB,13.0667,-59.5333,78.89,69,40,18.41,scattered clouds
679,Rio Grande,BR,-32.035,-52.0986,47.95,76,6,5.57,clear sky
680,Calbuco,CL,-41.768,-73.1273,52.81,93,24,7.07,few clouds
681,Boguchar,RU,49.9358,40.545,53.19,64,94,15.46,overcast clouds
682,Abatskoye,RU,56.2875,70.4555,22.73,94,100,4.45,overcast clouds
683,Puerto Narino,CO,-3.7703,-70.3831,72.54,99,100,4.61,overcast clouds
684,Rognan,NO,67.0953,15.3878,32.14,91,100,8.77,light snow
685,Meulaboh,ID,4.1363,96.1285,81.28,78,100,2.06,overcast clouds
686,Sao Borja,BR,-28.6606,-56.0044,55.94,74,0,8.19,clear sky
687,Kijang,KR,35.2442,129.2139,56.93,48,9,5.88,clear sky
688,Sahuaripa,MX,29.05,-109.2333,67.86,24,0,6.93,clear sky
689,Saint-Jean-De-La-Ruelle,FR,47.9113,1.8648,35.91,78,75,12.66,broken clouds
690,Aden,YE,12.7794,45.0367,79.95,73,0,9.13,clear sky
691,Abilene,US,32.4487,-99.7331,77.22,24,40,16.11,scattered clouds
692,Gamba,GA,-2.65,10.0,74.64,93,100,6.44,light rain
693,Delano,US,35.7688,-119.247,72.18,37,0,5.75,clear sky
694,Peniche,PT,39.3558,-9.3811,47.1,78,20,11.27,few clouds
695,Kemijarvi,FI,66.7131,27.4306,17.96,91,100,8.66,overcast clouds
696,Raton,US,36.9034,-104.4391,43.14,66,0,6.91,clear sky
697,Ozernovskiy,RU,51.5,156.5167,27.77,74,100,25.1,light snow
698,Chengde,CN,40.9725,117.9361,53.28,22,0,5.5,clear sky
699,Scottsbluff,US,41.8666,-103.6672,44.29,55,0,10.36,clear sky
700,Tuatapere,NZ,-46.1333,167.6833,61.74,65,1,7.47,clear sky
701,Maryville,US,35.7565,-83.9705,48.4,65,0,4.61,clear sky
702,Kiama,AU,-34.6833,150.8667,69.01,71,99,8.01,overcast clouds
703,Bridlington,GB,54.0831,-0.1919,36.01,90,98,5.99,overcast clouds
704,Fairbanks,US,64.8378,-147.7164,22.96,35,100,19.57,overcast clouds
705,Maracacume,BR,-2.0428,-45.9592,72.59,99,100,2.98,overcast clouds
706,Gorom-Gorom,BF,14.4439,-0.2361,82.72,9,86,8.01,overcast clouds
707,Nanae,JP,41.8833,140.6833,48.43,37,40,16.11,scattered clouds
708,Barranca,PE,-10.75,-77.7667,69.06,82,89,7.74,overcast clouds
709,Berdigestyakh,RU,62.0989,126.6992,29.46,88,97,5.01,overcast clouds
710,Kihurio,TZ,-4.4667,38.0667,69.04,95,19,2.19,few clouds
711,Constitucion,CL,-35.3333,-72.4167,55.58,87,2,12.57,clear sky
712,Najran,SA,17.4924,44.1277,59.65,20,8,1.52,clear sky
713,Cobija,BO,-11.0267,-68.7692,60.24,79,100,3.94,overcast clouds
714,Mantua,IT,45.1667,10.7833,47.44,75,100,1.01,overcast clouds
715,Bannu,PK,32.9854,70.6027,81.88,11,0,1.48,clear sky
716,Havre-Saint-Pierre,CA,50.2334,-63.5986,32.36,93,100,17.27,overcast clouds
717,Cosala,MX,24.4125,-106.6908,65.61,67,28,1.88,scattered clouds
718,Muisne,EC,0.6,-80.0333,76.37,86,94,1.63,overcast clouds
719,Gari,RU,59.4307,62.3497,16.48,92,94,1.12,overcast clouds
720,Kohtla-Jarve,EE,59.3986,27.2731,24.58,80,9,5.91,clear sky
721,Deogarh,IN,21.5333,84.7333,89.64,40,31,3.27,scattered clouds
